{
  "project_info": {
    "project_number": "800475429613",
    "project_id": "proyectofinal2-1629f",
    "storage_bucket": "proyectofinal2-1629f.appspot.com"
  },
  "client": [
    {
      "client_info": {
        "mobilesdk_app_id": "1:800475429613:android:cb8d2d7668c6607232aae4",
        "android_client_info": {
          "package_name": "com.example.proyectofinal_2"
        }
      },
      "oauth_client": [
        {
          "client_id": "800475429613-j16ojctubkspt1vboaqersb5veuernt8.apps.googleusercontent.com",
          "client_type": 1,
          "android_info": {
            "package_name": "com.example.proyectofinal_2",
            "certificate_hash": "3854ce16bda1f37e67cf14c51f75091e5d84827f"
          }
        },
        {
          "client_id": "800475429613-kbelhckq8kgk0kuie5od29kco5055bvu.apps.googleusercontent.com",
          "client_type": 3
        }
      ],
      "api_key": [
        {
          "current_key": "AIzaSyC0vn_AOJw6lZX7vWeZyIcS6Y1HgrIPrmc"
        }
      ],
      "services": {
        "appinvite_service": {
          "other_platform_oauth_client": [
            {
              "client_id": "800475429613-kbelhckq8kgk0kuie5od29kco5055bvu.apps.googleusercontent.com",
              "client_type": 3
            }
          ]
        }
      }
    }
  ],
  "configuration_version": "1"
}